7:21,7:28,7:38
7:35,7:42,7:52
7:47,7:54,8:04
7:56,8:03,8:13
8:06,8:13,8:23
8:14,8:21,8:31
8:23,8:30,8:40
8:30,8:37,8:47
8:40,8:47,8:57
8:50,8:57,9:07
8:56,9:03,9:13
9:06,9:13,9:23
9:15,9:22,9:32
9:26,9:33,9:43
9:32,9:39,9:49
9:45,9:52,10:02
9:51,9:58,10:08
10:00,10:07,10:17
10:08,10:15,10:25
10:22,10:29,10:39
10:30,10:37,10:47
10:47,10:54,11:04
11:07,11:14,11:24
11:27,11:34,11:44
11:47,11:54,12:04
11:53,12:00,12:10
12:07,12:14,12:24
12:13,12:20,12:30
12:27,12:34,12:44
12:33,12:40,12:50
12:47,12:54,13:04
12:53,13:00,13:10
13:13,13:20,13:30
13:33,13:40,13:50
13:53,14:00,14:10
14:13,14:20,14:30
14:33,14:40,14:50
14:54,15:01,15:11
15:04,15:11,15:21
15:16,15:23,15:33
15:24,15:31,15:41
15:36,15:43,15:53
15:45,15:52,16:02
15:58,16:05,16:15
16:11,16:18,16:28
16:22,16:29,16:39
16:32,16:39,16:49
16:42,16:49,16:59
16:54,17:01,17:11
17:03,17:10,17:20
17:12,17:19,17:29
17:18,17:25,17:35
17:28,17:35,17:45
17:38,17:45,17:55
17:46,17:53,18:03
17:55,18:02,18:12
18:10,18:17,18:27
18:23,18:30,18:40
18:31,18:38,18:48
18:41,18:48,18:58
18:47,18:54,19:04
18:56,19:03,19:13
19:12,19:19,19:29
19:31,19:38,19:48
19:51,19:58,20:08
20:11,20:18,20:28
20:31,20:38,20:48
20:52,20:59,21:09
21:02,21:09,21:19
21:20,21:28,21:40
