route,direction,departure_time,arrival_time,valid_from,valid_to
minamino,0,07:22:00,07:39:00,2024-04-01,2025-07-30
minamino,0,07:22:00,07:39:00,2024-04-01,2025-07-30
minamino,0,07:31:00,07:48:00,2024-04-01,2025-07-30
minamino,0,07:37:00,07:54:00,2024-04-01,2025-07-30
minamino,0,07:45:00,08:02:00,2024-04-01,2025-07-30
minamino,0,07:51:00,08:08:00,2024-04-01,2025-07-30
minamino,0,07:59:00,08:16:00,2024-04-01,2025-07-30
minamino,0,08:08:00,08:25:00,2024-04-01,2025-07-30
minamino,1,08:08:00,09:25:00,2024-04-01,2025-07-30
minamino,0,09:18:00,09:35:00,2024-04-01,2025-07-30
minamino,0,09:27:00,09:44:00,2024-04-01,2025-07-30
minamino,0,09:36:00,09:53:00,2024-04-01,2025-07-30
minamino,0,09:47:00,10:04:00,2024-04-01,2025-07-30
minamino,0,09:53:00,10:10:00,2024-04-01,2025-07-30
minamino,0,10:03:00,10:20:00,2024-04-01,2025-07-30
minamino,0,10:11:00,10:28:00,2024-04-01,2025-07-30
minamino,0,10:17:00,10:24:00,2024-04-01,2025-07-30
minamino,0,10:23:00,10:40:00,2024-04-01,2025-07-30
minamino,0,10:33:00,10:50:00,2024-04-01,2025-07-30
minamino,0,10:39:00,10:56:00,2024-04-01,2025-07-30
minamino,0,10:49:00,11:06:00,2024-04-01,2025-07-30
minamino,0,10:56:00,11:13:00,2024-04-01,2025-07-30
minamino,0,11:09:00,11:26:00,2024-04-01,2025-07-30
minamino,0,11:16:00,11:33:00,2024-04-01,2025-07-30
minamino,0,11:29:00,11:46:00,2024-04-01,2025-07-30
minamino,0,11:36:00,11:53:00,2024-04-01,2025-07-30
minamino,0,11:49:00,12:06:00,2024-04-01,2025-07-30
minamino,0,11:56:00,12:13:00,2024-04-01,2025-07-30
minamino,0,12:02:00,12:19:00,2024-04-01,2025-07-30
minamino,0,12:09:00,12:26:00,2024-04-01,2025-07-30
minamino,0,12:16:00,12:33:00,2024-04-01,2025-07-30
minamino,0,12:22:00,12:39:00,2024-04-01,2025-07-30
minamino,0,12:29:00,12:46:00,2024-04-01,2025-07-30
minamino,0,12:36:00,12:53:00,2024-04-01,2025-07-30
minamino,0,12:42:00,12:59:00,2024-04-01,2025-07-30
minamino,0,12:49:00,13:06:00,2024-04-01,2025-07-30
minamino,0,12:56:00,13:13:00,2024-04-01,2025-07-30
minamino,0,13:09:00,13:26:00,2024-04-01,2025-07-30
minamino,0,13:16:00,13:33:00,2024-04-01,2025-07-30
minamino,0,13:29:00,13:46:00,2024-04-01,2025-07-30
minamino,0,13:36:00,13:53:00,2024-04-01,2025-07-30
minamino,0,13:49:00,14:06:00,2024-04-01,2025-07-30
minamino,0,13:56:00,14:13:00,2024-04-01,2025-07-30
minamino,0,14:09:00,14:26:00,2024-04-01,2025-07-30
minamino,0,14:16:00,14:33:00,2024-04-01,2025-07-30
minamino,0,14:29:00,14:46:00,2024-04-01,2025-07-30
minamino,0,14:36:00,14:53:00,2024-04-01,2025-07-30
minamino,0,14:49:00,15:06:00,2024-04-01,2025-07-30
minamino,0,14:56:00,15:13:00,2024-04-01,2025-07-30
minamino,0,15:02:00,15:19:00,2024-04-01,2025-07-30
minamino,0,15:13:00,15:30:00,2024-04-01,2025-07-30
minamino,0,15:21:00,15:38:00,2024-04-01,2025-07-30
minamino,0,15:34:00,15:51:00,2024-04-01,2025-07-30
minamino,0,15:44:00,16:01:00,2024-04-01,2025-07-30
minamino,0,15:56:00,16:13:00,2024-04-01,2025-07-30
minamino,0,16:08:00,16:25:00,2024-04-01,2025-07-30
minamino,0,16:19:00,16:36:00,2024-04-01,2025-07-30
minamino,0,16:29:00,16:46:00,2024-04-01,2025-07-30
minamino,0,16:39:00,16:56:00,2024-04-01,2025-07-30
minamino,1,16:39:00,17:25:00,2024-04-01,2025-07-30
minamino,0,17:18:00,17:35:00,2024-04-01,2025-07-30
minamino,0,17:26:00,17:43:00,2024-04-01,2025-07-30
minamino,0,17:36:00,17:53:00,2024-04-01,2025-07-30
minamino,0,17:44:00,18:01:00,2024-04-01,2025-07-30
minamino,0,17:53:00,18:10:00,2024-04-01,2025-07-30
minamino,0,18:01:00,18:18:00,2024-04-01,2025-07-30
minamino,0,18:09:00,18:26:00,2024-04-01,2025-07-30
minamino,0,18:20:00,18:37:00,2024-04-01,2025-07-30
minamino,0,18:30:00,18:47:00,2024-04-01,2025-07-30
minamino,0,18:42:00,18:59:00,2024-04-01,2025-07-30
minamino,0,18:52:00,19:09:00,2024-04-01,2025-07-30
minamino,1,18:52:00,19:11:00,2024-04-01,2025-07-30
minamino,0,19:04:00,19:21:00,2024-04-01,2025-07-30
minamino,0,19:14:00,19:31:00,2024-04-01,2025-07-30
minamino,0,19:25:00,19:42:00,2024-04-01,2025-07-30
minamino,0,19:36:00,19:53:00,2024-04-01,2025-07-30
minamino,0,19:47:00,20:04:00,2024-04-01,2025-07-30
minamino,0,19:58:00,20:15:00,2024-04-01,2025-07-30
minamino,0,20:08:00,20:25:00,2024-04-01,2025-07-30
minamino,0,20:18:00,20:35:00,2024-04-01,2025-07-30
minamino,0,20:28:00,20:45:00,2024-04-01,2025-07-30
minamino,0,20:38:00,20:55:00,2024-04-01,2025-07-30
minamino,0,20:49:00,21:06:00,2024-04-01,2025-07-30
minamino,0,21:00:00,21:17:00,2024-04-01,2025-07-30
minamino,0,21:07:00,21:24:00,2024-04-01,2025-07-30
minamino,0,21:14:00,21:31:00,2024-04-01,2025-07-30
minamino,0,21:20:00,21:35:00,2024-04-01,2025-07-30 